Camera 1,,,,,,,,,,,,,,,,,,,
MIPI Signal,FMC Coonector Pin,FMC  Signal Name,ZCU102 HPC0,ZCU102 HPC1,ZCU106 HPC0,ZCU106 HPC1,,,,,,,,,,,,,
MIPI1_CLK_P,C10,LA06_P,AC2,AH2,x,x,,,,,,,,,,,,,
MIPI1_CLK_N,C11,LA06_N,AC1,AJ2,,,,,,,,,,,,,,,
MIPI1_D0_P,D11,LA05_P,AB3,AG3,,,,,,,,,,,,,,,
MIPI1_D0_N,D12,LA05_N,AC3,AH3,,,,,,,,,,,,,,,
MIPI1_D1_P,H10,LA04_P,AA2,AF2,,,,,,,,,,,,,,,
MIPI1_D1_N,H11,LA04_N,AA1,AF1,,,,,,,,,,,,,,,
MIPI1_D2_P,G9,LA03_P,Y2,AH1,,,,,,,,,,,,,,,
MIPI1_D2_N,G10,LA03_N,Y1,AJ1,,,,,,,,,,,,,,,
MIPI1_D3_P,H7,LA02_P,V2,AD2,,,,,,,,,,,,,,,
MIPI1_D3_N,H8,LA02_N,V1,AD1,,,,,,,,,,,,,,,
,,,,,,,,,,,,,,,,,,,
Camera 2,,,,,,,,,,,,,,,,,,,
MIPI Signal,FMC Pin,FMC LA Signal,ZCU102 HPC0,ZCU102 HPC1,ZCU106 HPC0,ZCU106 HPC1,,,,,,,,,,,,,
MIPI2_CLK_P,C18,LA14_P,AC7,AH7,x,x,,,,,,,,,,,,,
MIPI2_CLK_N,C19,LA14_N,AC6,AH6,,,,,,,,,,,,,,,
MIPI2_D0_P,D17,LA13_P,AB8,AG8,,,,,,,,,,,,,,,
MIPI2_D0_N,D18,LA13_N,AC8,AH8,,,,,,,,,,,,,,,
MIPI2_D1_P,G15,LA12_P,W7,AD7,,,,,,,,,,,,,,,
MIPI2_D1_N,G16,LA12_N,W6,AD6,,,,,,,,,,,,,,,
MIPI2_D2_P,H16,LA11_P,AB6,AE8,,,,,,,,,,,,,,,
MIPI2_D2_N,H17,LA11_N,AB5,AF8,,,,,,,,,,,,,,,
MIPI2_D3_P,H4,LA01_P_CC,AA7,AE7,,,,,,,,,,,,,,,
MIPI2_D3_N,H5,LA01_N_CC,AA6,AF7,,,,,,,,,,,,,,,
,,,,,,,,,,,,,,,,,,,
Camera 3,,,,,,,,,,,,,,,,,,,
MIPI Signal,FMC Pin,FMC LA Signal,ZCU102 HPC0,ZCU102 HPC1,ZCU106 HPC0,ZCU106 HPC1,,,,,,,,,,,,,
MIPI3_CLK_P,D20,LA17_P_CC,P11,Y5,x,x,,,,,,,,,,,,,
MIPI3_CLK_N,D21,LA17_N_CC,N11,AA5,,,,,,,,,,,,,,,
MIPI3_D0_P,C26,LA27_P,M10,U10,,,,,,,,,,,,,,,
MIPI3_D0_N,C27,LA27_N,L10,T10,,,,,,,,,,,,,,,
MIPI3_D1_P,C22,LA18_P_CC,N9,Y8,,,,,,,,,,,,,,,
MIPI3_D1_N,C23,LA18_N_CC,N8,Y7,,,,,,,,,,,,,,,
MIPI3_D2_P,G27,LA25_P,M11,AE10,,,,,,,,,,,,,,,
MIPI3_D2_N,G28,LA25_N,L11,AF10,,,,,,,,,,,,,,,
MIPI3_D3_P,H28,LA24_P,L12,AH12,,,,,,,,,,,,,,,
MIPI3_D3_N,H29,LA24_N,K12,AH11,,,,,,,,,,,,,,,
,,,,,,,,,,,,,,,,,,,
Camera 4,,,,,,,,,,,,,,,,,,,
MIPI Signal,FMC Pin,FMC LA Signal,ZCU102 HPC0,ZCU102 HPC1,ZCU106 HPC0,ZCU106 HPC1,,,,,,,,,,,,,
MIPI4_CLK_P,D23,LA23_P,L16,AE12,x,x,,,,,,,,,,,,,
MIPI4_CLK_N,D24,LA23_N,K16,AF12,,,,,,,,,,,,,,,
MIPI4_D0_P,G24,LA22_P,M15,AF11,,,,,,,,,,,,,,,
MIPI4_D0_N,G25,LA22_N,M14,AG1,,,,,,,,,,,,,,,
MIPI4_D1_P,H25,LA21_P,P12,AC12,,,,,,,,,,,,,,,
MIPI4_D1_N,H26,LA21_N,N12,AC11,,,,,,,,,,,,,,,
MIPI4_D2_P,G21,LA20_P,N13,AB11,,,,,,,,,,,,,,,
MIPI4_D2_N,G22,LA20_N,M13,AB10,,,,,,,,,,,,,,,
MIPI4_D3_P,H22,LA19_P,L13,AA11,,,,,,,,,,,,,,,
MIPI4_D3_N,H23,LA19_N,K13,AA10,,,,,,,,,,,,,,,
